C6H6(GT),PT08.S1(CO),PT08.S2(NMHC),NOx(GT),T,RH,Predicted CO(GT),Air Quality
40.0,5000.0,4000.0,900.0,40.0,95.0,28.40990447998047,Dangerous
40.0,5000.0,4000.0,900.0,40.0,95.0,28.40990447998047,Dangerous
