C6H6(GT),PT08.S1(CO),PT08.S2(NMHC),NOx(GT),T,RH,Predicted CO(GT),Air Quality
40.0,5000.0,4000.0,900.0,40.0,95.0,28.40990447998047,Dangerous
40.0,5000.0,4000.0,900.0,40.0,95.0,28.40990447998047,Dangerous
1.2,800.0,700.0,40.0,20.0,65.0,0.7467082738876343,Good
7.8,1180.0,950.0,140.0,18.0,49.0,2.0440592765808105,Good
45.2,2150.0,1800.0,420.0,6.0,80.0,9.053415298461914,Moderate
